{"train/loss": 2.0738, "train/learning_rate": 8.999999999999999e-06, "train/epoch": 0.77, "train/global_step": 3, "_timestamp": 1700472001.675307, "_runtime": 236.21453714370728, "_step": 5, "_wandb": {"runtime": 266}}