{"train/loss": 2.0257, "train/learning_rate": 2.9999999999999997e-06, "train/epoch": 0.26, "train/global_step": 1, "_timestamp": 1700473493.4679983, "_runtime": 83.81653428077698, "_step": 3, "eval/loss": 1.8660566806793213, "eval/runtime": 0.6221, "eval/samples_per_second": 8.038, "eval/steps_per_second": 1.608, "_wandb": {"runtime": 83}}