{"train/loss": 2.0639, "train/learning_rate": 5.999999999999999e-06, "train/epoch": 0.52, "train/global_step": 2, "_timestamp": 1700476873.9371228, "_runtime": 160.44640588760376, "_step": 9, "eval/loss": 1.8662331104278564, "eval/runtime": 0.6203, "eval/samples_per_second": 8.06, "eval/steps_per_second": 1.612, "sample_predictions": {"_type": "table-file", "sha256": "697cb0f204ff428ae3c9586595fad595fb361268f9e21c2926456e8e27be91b2", "size": 4300, "artifact_path": "wandb-client-artifact://oxs9m56i8ua4svlx0gsjguvq1p6pnwuq5oy3ggysq77nvp72ky9v0w95eyh3ubkfjhg90454iwe7dm09j2g2g9oudcw10jtgy378uj109gs2dm80nck1ha3z41tygbpn:latest/sample_predictions.table.json", "_latest_artifact_path": "wandb-client-artifact://oxs9m56i8ua4svlx0gsjguvq1p6pnwuq5oy3ggysq77nvp72ky9v0w95eyh3ubkfjhg90454iwe7dm09j2g2g9oudcw10jtgy378uj109gs2dm80nck1ha3z41tygbpn:latest/sample_predictions.table.json", "path": "media/table/sample_predictions_9_697cb0f204ff428ae3c9.table.json", "ncols": 5, "nrows": 2}, "_wandb": {"runtime": 227}}