{"train/loss": 2.0886, "train/learning_rate": 2.9999999999999997e-06, "train/epoch": 0.26, "train/global_step": 1, "_timestamp": 1700475100.5491116, "_runtime": 81.7741436958313, "_step": 3, "eval/loss": 1.86605703830719, "eval/runtime": 0.6219, "eval/samples_per_second": 8.04, "eval/steps_per_second": 1.608, "_wandb": {"runtime": 81}}