{"train/loss": 2.0451, "train/learning_rate": 5.999999999999999e-06, "train/epoch": 0.52, "train/global_step": 2, "_timestamp": 1700472609.587562, "_runtime": 161.6149570941925, "_step": 7, "eval/loss": 1.8632522821426392, "eval/runtime": 0.6172, "eval/samples_per_second": 8.101, "eval/steps_per_second": 1.62, "_wandb": {"runtime": 224}}