{"train/loss": 2.0476, "train/learning_rate": 8.999999999999999e-06, "train/epoch": 0.77, "train/global_step": 3, "_timestamp": 1700472345.3122926, "_runtime": 238.17341351509094, "_step": 11, "eval/loss": 1.866204857826233, "eval/runtime": 0.6244, "eval/samples_per_second": 8.008, "eval/steps_per_second": 1.602, "_wandb": {"runtime": 289}}